week_start,Dengue Fever,Dengue Haemorrhagic Fever,Total Dengue Cases,moving_avg_12w,avg_temp_c,min_temp_c,max_temp_c,avg_relative_humidity_pct,avg_wind_speed,warm_day_share,source_rows,source_query_start,source_query_end,weather_lag_days,weather_overlap_flag
2012-01-01,74,0,74,74.0,,,,,,,,,,,0
2012-01-08,64,2,66,70.0,,,,,,,,,,,0
2012-01-15,60,1,61,67.0,,,,,,,,,,,0
2012-01-22,50,2,52,63.25,,,,,,,,,,,0
2012-01-29,84,1,85,67.6,,,,,,,,,,,0
2012-02-05,87,0,87,70.83333333333333,,,,,,,,,,,0
2012-02-12,65,0,65,70.0,,,,,,,,,,,0
2012-02-19,50,1,51,67.625,,,,,,,,,,,0
2012-02-26,55,0,55,66.22222222222223,,,,,,,,,,,0
2012-03-04,45,1,46,64.2,,,,,,,,,,,0
2012-03-11,64,0,64,64.18181818181819,,,,,,,,,,,0
2012-03-18,72,1,73,64.91666666666667,,,,,,,,,,,0
2012-03-25,48,0,48,62.75,,,,,,,,,,,0
2012-04-01,52,0,52,61.583333333333336,,,,,,,,,,,0
2012-04-08,81,1,82,63.333333333333336,,,,,,,,,,,0
2012-04-15,77,0,77,65.41666666666667,,,,,,,,,,,0
2012-04-22,64,0,64,63.666666666666664,,,,,,,,,,,0
2012-04-29,86,2,88,63.75,,,,,,,,,,,0
2012-05-06,96,1,97,66.41666666666667,,,,,,,,,,,0
2012-05-13,80,0,80,68.83333333333333,,,,,,,,,,,0
2012-05-20,80,0,80,70.91666666666667,,,,,,,,,,,0
2012-05-27,81,0,81,73.83333333333333,,,,,,,,,,,0
2012-06-03,99,1,100,76.83333333333333,,,,,,,,,,,0
2012-06-10,87,1,88,78.08333333333333,,,,,,,,,,,0
2012-06-17,128,1,129,84.83333333333333,,,,,,,,,,,0
2012-06-24,151,0,151,93.08333333333333,,,,,,,,,,,0
2012-07-01,140,0,140,97.91666666666667,,,,,,,,,,,0
2012-07-08,131,1,132,102.5,,,,,,,,,,,0
2012-07-15,124,1,125,107.58333333333333,,,,,,,,,,,0
2012-07-22,110,0,110,109.41666666666667,,,,,,,,,,,0
2012-07-29,94,0,94,109.16666666666667,,,,,,,,,,,0
2012-08-05,127,0,127,113.08333333333333,,,,,,,,,,,0
2012-08-12,115,0,115,116.0,,,,,,,,,,,0
2012-08-19,92,0,92,116.91666666666667,,,,,,,,,,,0
2012-08-26,102,0,102,117.08333333333333,,,,,,,,,,,0
2012-09-02,75,1,76,116.08333333333333,,,,,,,,,,,0
2012-09-09,73,1,74,111.5,,,,,,,,,,,0
2012-09-16,72,0,72,104.91666666666667,,,,,,,,,,,0
2012-09-23,99,1,100,101.58333333333333,,,,,,,,,,,0
2012-09-30,103,1,104,99.25,,,,,,,,,,,0
2012-10-07,122,1,123,99.08333333333333,,,,,,,,,,,0
2012-10-14,105,0,105,98.66666666666667,,,,,,,,,,,0
2012-10-21,84,0,84,97.83333333333333,,,,,,,,,,,0
2012-10-28,104,0,104,95.91666666666667,,,,,,,,,,,0
2012-11-04,99,1,100,94.66666666666667,,,,,,,,,,,0
2012-11-11,87,1,88,94.33333333333333,,,,,,,,,,,0
2012-11-18,99,1,100,94.16666666666667,,,,,,,,,,,0
2012-11-25,80,0,80,94.5,,,,,,,,,,,0
2012-12-02,78,0,78,94.83333333333333,,,,,,,,,,,0
2012-12-09,104,1,105,97.58333333333333,,,,,,,,,,,0
2012-12-16,92,2,94,97.08333333333333,,,,,,,,,,,0
2012-12-23,111,1,112,97.75,,,,,,,,,,,0
2012-12-30,132,2,134,98.66666666666667,,,,,,,,,,,0
2013-01-06,204,1,205,107.0,,,,,,,,,,,0
2013-01-13,219,0,219,118.25,,,,,,,,,,,0
2013-01-20,264,3,267,131.83333333333334,,,,,,,,,,,0
2013-01-27,292,1,293,147.91666666666666,,,,,,,,,,,0
2013-02-03,322,0,322,167.41666666666666,,,,,,,,,,,0
2013-02-10,246,1,247,179.66666666666666,,,,,,,,,,,0
2013-02-17,294,2,296,197.66666666666666,,,,,,,,,,,0
2013-02-24,247,2,249,211.91666666666666,,,,,,,,,,,0
2013-03-03,272,1,273,225.91666666666666,,,,,,,,,,,0
2013-03-10,307,1,308,243.75,,,,,,,,,,,0
2013-03-17,305,2,307,260.0,,,,,,,,,,,0
2013-03-24,314,2,316,275.1666666666667,,,,,,,,,,,0
2013-03-31,402,4,406,291.9166666666667,,,,,,,,,,,0
2013-04-07,491,1,492,314.6666666666667,,,,,,,,,,,0
2013-04-14,505,4,509,334.8333333333333,,,,,,,,,,,0
2013-04-21,536,2,538,355.25,,,,,,,,,,,0
2013-04-28,547,0,547,374.0,,,,,,,,,,,0
2013-05-05,556,2,558,399.9166666666667,,,,,,,,,,,0
2013-05-12,611,0,611,426.1666666666667,,,,,,,,,,,0
2013-05-19,637,3,640,458.75,,,,,,,,,,,0
2013-05-26,742,4,746,498.1666666666667,,,,,,,,,,,0
2013-06-02,813,1,814,540.3333333333334,,,,,,,,,,,0
2013-06-09,805,4,809,582.1666666666666,,,,,,,,,,,0
2013-06-16,838,4,842,626.0,,,,,,,,,,,0
2013-06-23,802,4,806,659.3333333333334,,,,,,,,,,,0
2013-06-30,676,2,678,674.8333333333334,,,,,,,,,,,0
2013-07-07,540,1,541,677.5,,,,,,,,,,,0
2013-07-14,389,1,390,665.1666666666666,,,,,,,,,,,0
2013-07-21,305,1,306,645.0833333333334,,,,,,,,,,,0
2013-07-28,288,1,289,622.6666666666666,,,,,,,,,,,0
2013-08-04,255,1,256,593.0833333333334,,,,,,,,,,,0
2013-08-11,378,0,378,571.25,,,,,,,,,,,0
2013-08-18,338,3,341,537.5,,,,,,,,,,,0
2013-08-25,382,4,386,501.8333333333333,,,,,,,,,,,0
2013-09-01,449,3,452,472.0833333333333,,,,,,,,,,,0
2013-09-08,337,2,339,430.1666666666667,,,,,,,,,,,0
2013-09-15,370,6,376,394.3333333333333,,,,,,,,,,,0
2013-09-22,402,4,406,371.6666666666667,,,,,,,,,,,0
2013-09-29,439,2,441,363.3333333333333,,,,,,,,,,,0
2013-10-06,435,3,438,367.3333333333333,,,,,,,,,,,0
2013-10-13,371,3,374,373.0,,,,,,,,,,,0
2013-10-20,495,0,495,390.1666666666667,,,,,,,,,,,0
2013-10-27,457,1,458,407.0,,,,,,,,,,,0
2013-11-03,401,1,402,409.0,,,,,,,,,,,0
2013-11-10,442,2,444,417.5833333333333,,,,,,,,,,,0
2013-11-17,365,0,365,415.8333333333333,,,,,,,,,,,0
2013-11-24,372,0,372,409.1666666666667,,,,,,,,,,,0
2013-12-01,347,0,347,409.8333333333333,,,,,,,,,,,0
2013-12-08,380,1,381,410.25,,,,,,,,,,,0
2013-12-15,371,0,371,407.3333333333333,,,,,,,,,,,0
2013-12-22,414,0,414,405.0833333333333,,,,,,,,,,,0
2013-12-29,436,1,437,405.0,,,,,,,,,,,0
2014-01-05,479,0,479,413.75,,,,,,,,,,,0
2014-01-12,401,0,401,405.9166666666667,,,,,,,,,,,0
2014-01-19,336,0,336,395.75,,,,,,,,,,,0
2014-01-26,234,0,234,381.75,,,,,,,,,,,0
2014-02-02,273,1,274,367.5833333333333,,,,,,,,,,,0
2014-02-09,369,0,369,367.9166666666667,,,,,,,,,,,0
2014-02-16,193,1,194,353.0833333333333,,,,,,,,,,,0
2014-02-23,186,1,187,339.75,,,,,,,,,,,0
2014-03-02,209,1,210,325.5,,,,,,,,,,,0
2014-03-09,224,1,225,313.3333333333333,,,,,,,,,,,0
2014-03-16,210,0,210,296.3333333333333,,,,,,,,,,,0
2014-03-23,225,0,225,278.6666666666667,,,,,,,,,,,0
2014-03-30,240,0,240,258.75,,,,,,,,,,,0
2014-04-06,244,1,245,245.75,,,,,,,,,,,0
2014-04-13,235,0,235,237.33333333333334,,,,,,,,,,,0
2014-04-20,282,0,282,241.33333333333334,,,,,,,,,,,0
2014-04-27,251,0,251,239.41666666666666,,,,,,,,,,,0
2014-05-04,261,0,261,230.41666666666666,,,,,,,,,,,0
2014-05-11,291,0,291,238.5,,,,,,,,,,,0
2014-05-18,427,1,428,258.5833333333333,,,,,,,,,,,0
2014-05-25,456,0,456,279.0833333333333,,,,,,,,,,,0
2014-06-01,458,1,459,298.5833333333333,,,,,,,,,,,0
2014-06-08,506,0,506,323.25,,,,,,,,,,,0
2014-06-15,550,1,551,350.4166666666667,,,,,,,,,,,0
2014-06-22,671,0,671,386.3333333333333,,,,,,,,,,,0
2014-06-29,888,3,891,440.1666666666667,,,,,,,,,,,0
2014-07-06,818,1,819,488.8333333333333,,,,,,,,,,,0
2014-07-13,744,2,746,527.5,,,,,,,,,,,0
2014-07-20,633,1,634,559.4166666666666,,,,,,,,,,,0
2014-07-27,484,0,484,578.0,,,,,,,,,,,0
2014-08-03,545,0,545,599.1666666666666,,,,,,,,,,,0
2014-08-10,438,0,438,600.0,,,,,,,,,,,0
2014-08-17,418,0,418,596.8333333333334,,,,,,,,,,,0
2014-08-24,367,0,367,589.1666666666666,,,,,,,,,,,0
2014-08-31,339,0,339,575.25,,,,,,,,,,,0
2014-09-07,362,0,362,559.5,,,,,,,,,,,0
2014-09-14,396,1,397,536.6666666666666,,,,,,,,,,,0
2014-09-21,344,1,345,491.1666666666667,,,,,,,,,,,0
2014-09-28,339,0,339,451.1666666666667,,,,,,,,,,,0
2014-10-05,278,0,278,412.1666666666667,,,,,,,,,,,0
2014-10-12,297,0,297,384.0833333333333,,,,,,,,,,,0
2014-10-19,213,0,213,361.5,,,,,,,,,,,0
2014-10-26,186,0,186,331.5833333333333,,,,,,,,,,,0
2014-11-02,168,1,169,309.1666666666667,,,,,,,,,,,0
2014-11-09,158,0,158,287.5,,,,,,,,,,,0
2014-11-16,149,0,149,269.3333333333333,,,,,,,,,,,0
2014-11-23,162,0,162,254.58333333333334,,,,,,,,,,,0
2014-11-30,212,0,212,242.08333333333334,,,,,,,,,,,0
2014-12-07,177,0,177,223.75,,,,,,,,,,,0
2014-12-14,198,0,198,211.5,,,,,,,,,,,0
2014-12-21,188,0,188,198.91666666666666,,,,,,,,,,,0
2014-12-28,414,1,415,210.33333333333334,,,,,,,,,,,0
2015-01-04,228,0,228,204.58333333333334,,,,,,,,,,,0
2015-01-11,237,0,237,206.58333333333334,,,,,,,,,,,0
2015-01-18,259,0,259,212.66666666666666,,,,,,,,,,,0
2015-01-25,212,0,212,216.25,,,,,,,,,,,0
2015-02-01,173,0,173,217.5,,,,,,,,,,,0
2015-02-08,99,1,100,213.41666666666666,,,,,,,,,,,0
2015-02-15,172,0,172,214.25,,,,,,,,,,,0
2015-02-22,189,1,190,212.41666666666666,,,,,,,,,,,0
2015-03-01,110,0,110,206.83333333333334,,,,,,,,,,,0
2015-03-08,91,0,91,197.91666666666666,,,,,,,,,,,0
2015-03-15,129,1,130,193.08333333333334,,,,,,,,,,,0
2015-03-22,90,1,91,166.08333333333334,,,,,,,,,,,0
2015-03-29,107,0,107,156.0,,,,,,,,,,,0
2015-04-05,137,0,137,147.66666666666666,,,,,,,,,,,0
2015-04-12,113,0,113,135.5,,,,,,,,,,,0
2015-04-19,120,0,120,127.83333333333333,,,,,,,,,,,0
2015-04-26,135,0,135,124.66666666666667,,,,,,,,,,,0
2015-05-03,157,1,158,129.5,,,,,,,,,,,0
2015-05-10,109,0,109,124.25,,,,,,,,,,,0
2015-05-17,178,2,180,123.41666666666667,,,,,,,,,,,0
2015-05-24,151,1,152,126.91666666666667,,,,,,,,,,,0
2015-05-31,192,1,193,135.41666666666666,,,,,,,,,,,0
2015-06-07,207,0,207,141.83333333333334,,,,,,,,,,,0
2015-06-14,240,0,240,154.25,,,,,,,,,,,0
2015-06-21,242,0,242,165.5,,,,,,,,,,,0
2015-06-28,272,0,272,176.75,,,,,,,,,,,0
2015-07-05,263,0,263,189.25,,,,,,,,,,,0
2015-07-12,293,0,293,203.66666666666666,,,,,,,,,,,0
2015-07-19,250,0,250,213.25,,,,,,,,,,,0
2015-07-26,226,0,226,218.91666666666666,,,,,,,,,,,0
2015-08-02,221,0,221,228.25,,,,,,,,,,,0
2015-08-09,250,0,250,234.08333333333334,,,,,,,,,,,0
2015-08-16,225,0,225,240.16666666666666,,,,,,,,,,,0
2015-08-23,246,0,246,244.58333333333334,,,,,,,,,,,0
2015-08-30,217,0,217,245.41666666666666,,,,,,,,,,,0
2015-09-06,303,0,303,250.66666666666666,,,,,,,,,,,0
2015-09-13,214,0,214,248.33333333333334,,,,,,,,,,,0
2015-09-20,257,0,257,247.08333333333334,,,,,,,,,,,0
2015-09-27,235,0,235,244.75,,,,,,,,,,,0
2015-10-04,235,0,235,239.91666666666666,,,,,,,,,,,0
2015-10-11,224,0,224,237.75,,,,,,,,,,,0
2015-10-18,246,0,246,239.41666666666666,,,,,,,,,,,0
2015-10-25,266,0,266,243.16666666666666,,,,,,,,,,,0
2015-11-01,198,0,198,238.83333333333334,,,,,,,,,,,0
2015-11-08,254,0,254,241.25,,,,,,,,,,,0
2015-11-15,285,1,286,244.58333333333334,,,,,,,,,,,0
2015-11-22,259,0,259,248.08333333333334,,,,,,,,,,,0
2015-11-29,356,1,357,252.58333333333334,,,,,,,,,,,0
2015-12-06,333,0,333,262.5,,,,,,,,,,,0
2015-12-13,372,0,372,272.0833333333333,,,,,,,,,,,0
2015-12-20,458,0,458,290.6666666666667,,,,,,,,,,,0
2015-12-27,549,0,549,316.8333333333333,,,,,,,,,,,0
2016-01-03,628,0,628,350.5,,,,,,,,,,,0
2016-01-10,635,1,636,383.0,,,,,,,,,,,0
2016-01-17,629,1,630,413.3333333333333,,,,,,,,,,,0
2016-01-24,528,2,530,441.0,,,,,,,,,,,0
2016-01-31,420,0,420,454.8333333333333,,,,,,,,,,,0
2016-02-07,592,1,593,480.4166666666667,,,,,,,,,,,0
2016-02-14,508,4,512,501.5,,,,,,,,,,,0
2016-02-21,412,0,412,506.0833333333333,,,,,,,,,,,0
2016-02-28,396,1,397,511.4166666666667,,,,,,,,,,,0
2016-03-06,373,1,374,511.5833333333333,,,,,,,,,,,0
2016-03-13,306,2,308,499.0833333333333,,,,,,,,,,,0
2016-03-20,376,1,377,484.75,,,,,,,,,,,0
2016-03-27,290,2,292,456.75,,,,,,,,,,,0
2016-04-03,225,0,225,422.5,,,,,,,,,,,0
2016-04-10,231,0,231,389.25,,,,,,,,,,,0
2016-04-17,244,0,244,365.4166666666667,,,,,,,,,,,0
2016-04-24,181,0,181,345.5,,,,,,,,,,,0
2016-05-01,217,0,217,314.1666666666667,,,,,,,,,,,0
2016-05-08,212,0,212,289.1666666666667,,,,,,,,,,,0
2016-05-15,198,0,198,271.3333333333333,,,,,,,,,,,0
2016-05-22,219,1,220,256.5833333333333,,,,,,,,,,,0
2016-05-29,159,1,160,238.75,,,,,,,,,,,0
2016-06-05,192,1,193,229.16666666666666,,,,,,,,,,,0
2016-06-12,215,0,215,215.66666666666666,,,,,,,,,,,0
2016-06-19,234,0,234,210.83333333333334,,,,,,,,,,,0
2016-06-26,246,1,247,212.66666666666666,,,,,,,,,,,0
2016-07-03,223,0,223,212.0,,,,,,,,,,,0
2016-07-10,266,0,266,213.83333333333334,,,,,,,,,,,0
2016-07-17,221,1,222,217.25,29.441176470588236,24.0,34.88235294117647,69.70588235294117,15.441176470588236,1.0,17.0,2016-03-16,2016-03-19,126.0,1
2016-07-24,211,0,211,216.75,29.527027027027028,24.756756756756758,34.2972972972973,75.60810810810811,14.864864864864865,1.0,37.0,2016-03-20,2016-03-23,126.0,1
2016-07-31,197,1,198,215.58333333333334,30.0,25.0,35.0,71.11111111111111,17.5,1.0,9.0,2016-04-01,2016-04-02,126.0,1
2016-08-07,221,1,222,217.58333333333334,29.454545454545453,25.0,33.90909090909091,77.61363636363636,13.863636363636363,1.0,22.0,2016-04-03,2016-04-06,126.0,1
2016-08-14,274,0,274,222.08333333333334,29.5,24.82857142857143,34.17142857142857,75.92857142857143,16.214285714285715,1.0,35.0,2016-04-12,2016-04-16,126.0,1
2016-08-21,310,1,311,234.66666666666666,29.92452830188679,25.0188679245283,34.83018867924528,74.71698113207547,15.89622641509434,1.0,53.0,2016-04-17,2016-04-23,126.0,1
2016-08-28,242,0,242,238.75,29.466666666666665,24.91111111111111,34.022222222222226,75.88888888888889,13.88888888888889,0.9777777777777777,45.0,2016-04-25,2016-04-30,126.0,1
2016-09-04,174,0,174,235.33333333333334,29.677083333333332,25.041666666666668,34.3125,74.58333333333333,13.645833333333334,0.9375,48.0,2016-05-01,2016-05-07,126.0,1
2016-09-11,173,0,173,230.25,29.61320754716981,24.9811320754717,34.24528301886792,75.51886792452831,14.433962264150944,1.0,53.0,2016-05-08,2016-05-14,126.0,1
2016-09-18,138,0,138,221.16666666666666,29.403225806451612,24.532258064516128,34.274193548387096,76.49193548387096,16.653225806451612,0.967741935483871,62.0,2016-05-15,2016-05-21,126.0,1
2016-09-25,125,0,125,213.0,29.0859375,24.453125,33.71875,76.25,17.0703125,1.0,64.0,2016-05-22,2016-05-28,126.0,1
2016-10-02,94,0,94,198.66666666666666,28.683333333333334,24.333333333333332,33.03333333333333,77.0,16.5,0.8666666666666667,30.0,2016-06-01,2016-06-04,126.0,1
2016-10-09,108,0,108,189.16666666666666,29.236842105263158,25.087719298245613,33.3859649122807,77.36842105263158,16.535087719298247,0.9298245614035088,57.0,2016-06-05,2016-06-11,126.0,1
2016-10-16,84,0,84,178.58333333333334,28.577464788732396,24.56338028169014,32.59154929577465,77.21830985915493,19.64788732394366,0.9295774647887324,71.0,2016-06-12,2016-06-18,126.0,1
2016-10-23,85,1,86,169.25,28.906779661016948,24.610169491525422,33.20338983050848,77.07627118644068,16.949152542372882,0.9152542372881356,59.0,2016-06-19,2016-06-25,126.0,1
2016-10-30,84,0,84,157.75,29.617021276595743,25.72340425531915,33.51063829787234,72.97872340425532,18.45744680851064,1.0,47.0,2016-06-26,2016-07-02,126.0,1
2016-11-06,72,0,72,140.91666666666666,29.535714285714285,25.523809523809526,33.54761904761905,75.77380952380952,17.797619047619047,0.9285714285714286,42.0,2016-07-03,2016-07-09,126.0,1
2016-11-13,74,1,75,121.25,28.537037037037038,24.38888888888889,32.68518518518518,77.87037037037037,18.61111111111111,0.8518518518518519,54.0,2016-07-10,2016-07-16,126.0,1
2016-11-20,86,0,86,108.25,28.45614035087719,24.210526315789473,32.70175438596491,77.5,17.236842105263158,0.9122807017543859,57.0,2016-07-17,2016-07-23,126.0,1
2016-11-27,59,0,59,98.66666666666667,28.180851063829788,24.19148936170213,32.170212765957444,78.29787234042553,17.659574468085108,0.7659574468085106,47.0,2016-07-24,2016-07-30,126.0,1
2016-12-04,81,0,81,91.0,28.673076923076923,24.634615384615383,32.71153846153846,77.3076923076923,18.75,0.8461538461538461,52.0,2016-07-31,2016-08-06,126.0,1
2016-12-11,72,0,72,85.5,28.878048780487806,24.804878048780488,32.951219512195124,76.21951219512195,19.573170731707318,1.0,41.0,2016-08-07,2016-08-13,126.0,1
2016-12-18,64,0,64,80.41666666666667,28.82456140350877,24.75438596491228,32.89473684210526,76.8859649122807,22.93859649122807,0.9122807017543859,57.0,2016-08-14,2016-08-20,126.0,1
2017-01-01,70,0,70,78.41666666666667,28.744897959183675,24.551020408163264,32.93877551020408,77.34693877551021,18.418367346938776,1.0,49.0,2016-08-28,2016-09-03,126.0,1
2017-01-08,90,1,91,77.0,28.68,24.46,32.9,77.0,19.5,0.88,50.0,2016-09-04,2016-09-10,126.0,1
2017-01-15,74,1,75,76.25,28.581818181818182,24.436363636363637,32.72727272727273,77.22727272727273,19.09090909090909,0.8363636363636363,55.0,2016-09-11,2016-09-17,126.0,1
2017-01-22,66,0,66,74.58333333333333,28.479591836734695,24.244897959183675,32.714285714285715,76.42857142857143,20.918367346938776,0.9387755102040817,49.0,2016-09-18,2016-09-24,126.0,1
2017-01-29,62,0,62,72.75,29.344444444444445,24.88888888888889,33.8,74.16666666666667,18.944444444444443,1.0,45.0,2016-09-25,2016-10-01,126.0,1
2017-02-05,77,0,77,73.16666666666667,28.348214285714285,24.0,32.69642857142857,77.36607142857143,18.571428571428573,0.9464285714285714,56.0,2016-10-02,2016-10-08,126.0,1
2017-02-12,51,2,53,71.33333333333333,29.18421052631579,24.614035087719298,33.75438596491228,73.99122807017544,22.017543859649123,1.0,57.0,2016-10-09,2016-10-15,126.0,1
2017-02-19,54,0,54,68.66666666666667,28.537735849056602,24.32075471698113,32.75471698113208,77.12264150943396,18.39622641509434,0.9245283018867925,53.0,2016-10-16,2016-10-22,126.0,1
2017-02-26,41,0,41,67.16666666666667,28.46923076923077,24.4,32.53846153846154,77.57692307692308,17.153846153846153,0.9538461538461539,65.0,2016-10-23,2016-10-29,126.0,1
2017-03-05,32,0,32,63.083333333333336,27.887096774193548,23.64516129032258,32.12903225806452,78.46774193548387,19.879032258064516,0.8548387096774194,62.0,2016-10-30,2016-11-05,126.0,1
2017-03-12,34,1,35,60.0,28.56,24.14,32.98,77.45,15.45,0.94,50.0,2016-11-06,2016-11-12,126.0,1
2017-03-19,32,0,32,57.333333333333336,28.12280701754386,23.87719298245614,32.36842105263158,77.19298245614036,13.421052631578947,0.7894736842105263,57.0,2016-11-13,2016-11-19,126.0,1
2017-03-26,49,1,50,55.666666666666664,28.2875,24.0,32.575,76.8125,13.1875,0.8,40.0,2016-11-20,2016-11-26,126.0,1
2017-04-02,37,0,37,51.166666666666664,27.547619047619047,23.793650793650794,31.3015873015873,79.2063492063492,18.96825396825397,0.5873015873015873,63.0,2016-11-27,2016-12-03,126.0,1
2017-04-09,32,0,32,47.583333333333336,28.846153846153847,24.415384615384614,33.276923076923076,75.84615384615384,19.46153846153846,1.0,65.0,2016-12-04,2016-12-10,126.0,1
2017-04-16,51,0,51,46.333333333333336,28.516949152542374,24.033898305084747,33.0,75.97457627118644,19.661016949152543,0.9322033898305084,59.0,2016-12-11,2016-12-17,126.0,1
2017-04-23,37,0,37,44.25,28.40740740740741,23.98148148148148,32.833333333333336,76.52777777777777,20.694444444444443,0.9074074074074074,54.0,2016-12-18,2016-12-24,126.0,1
2017-04-30,42,0,42,41.333333333333336,28.236363636363638,24.12727272727273,32.345454545454544,76.0909090909091,22.863636363636363,0.8727272727272727,55.0,2016-12-25,2016-12-31,126.0,1
2017-05-07,48,0,48,40.916666666666664,28.25531914893617,24.23404255319149,32.276595744680854,77.02127659574468,17.819148936170212,0.7872340425531915,47.0,2017-01-01,2017-01-07,126.0,1
2017-05-14,48,2,50,40.583333333333336,28.953488372093023,24.488372093023255,33.41860465116279,75.81395348837209,16.3953488372093,1.0,43.0,2017-01-08,2017-01-14,126.0,1
2017-05-21,50,0,50,41.333333333333336,28.318181818181817,23.84090909090909,32.79545454545455,76.875,16.931818181818183,0.9772727272727273,44.0,2017-01-15,2017-01-21,126.0,1
2017-05-28,66,0,66,44.166666666666664,26.78846153846154,23.096153846153847,30.48076923076923,82.21153846153847,20.33653846153846,0.4807692307692308,52.0,2017-01-22,2017-01-28,126.0,1
2017-06-04,62,0,62,46.416666666666664,28.351063829787233,24.0,32.702127659574465,74.8936170212766,18.03191489361702,0.8936170212765957,47.0,2017-01-29,2017-02-04,126.0,1
2017-06-11,79,1,80,50.416666666666664,28.285714285714285,23.857142857142858,32.714285714285715,75.51020408163265,20.56122448979592,0.8571428571428571,49.0,2017-02-05,2017-02-11,126.0,1
2017-06-18,73,0,73,52.333333333333336,27.774193548387096,23.870967741935484,31.677419354838708,76.69354838709677,22.661290322580644,0.6451612903225806,31.0,2017-02-14,2017-02-18,126.0,1
2017-06-25,75,0,75,55.5,28.47872340425532,24.0,32.95744680851064,76.48936170212765,13.138297872340425,0.9787234042553191,47.0,2017-02-19,2017-02-25,126.0,1
2017-07-02,63,0,63,58.083333333333336,27.3,23.6,31.0,79.36363636363636,17.454545454545453,0.509090909090909,55.0,2017-02-26,2017-03-04,126.0,1
2017-07-09,53,0,53,58.25,28.683673469387756,24.0,33.36734693877551,74.03061224489795,16.428571428571427,1.0,49.0,2017-03-05,2017-03-11,126.0,1
2017-07-16,51,0,51,59.416666666666664,28.441860465116278,24.046511627906977,32.83720930232558,75.69767441860465,10.813953488372093,0.8372093023255814,43.0,2017-03-12,2017-03-18,126.0,1
2017-07-23,66,1,67,61.5,28.931818181818183,24.068181818181817,33.79545454545455,74.88636363636364,15.284090909090908,0.9318181818181818,44.0,2017-03-19,2017-03-25,126.0,1
2017-07-30,60,0,60,62.5,28.267441860465116,24.0,32.53488372093023,77.32558139534883,12.848837209302326,0.813953488372093,43.0,2017-03-26,2017-03-31,126.0,1
2017-08-06,56,0,56,63.0,28.094594594594593,23.54054054054054,32.648648648648646,77.83783783783784,20.945945945945947,0.7837837837837838,37.0,2017-04-03,2017-04-07,126.0,1
2017-08-13,52,1,53,63.25,28.42105263157895,24.0,32.8421052631579,78.02631578947368,14.276315789473685,0.8421052631578947,38.0,2017-04-11,2017-04-15,126.0,1
2017-08-20,51,1,52,62.083333333333336,28.551020408163264,24.0,33.10204081632653,76.58163265306122,10.96938775510204,0.9387755102040817,49.0,2017-04-16,2017-04-22,126.0,1
2017-08-27,33,0,33,59.666666666666664,28.58490566037736,24.0,33.16981132075472,77.02830188679245,13.726415094339623,0.9622641509433962,53.0,2017-04-23,2017-04-29,126.0,1
2017-09-03,40,0,40,56.333333333333336,28.754545454545454,24.272727272727273,33.236363636363635,77.22727272727273,14.590909090909092,1.0,55.0,2017-04-30,2017-05-06,126.0,1
2017-09-10,53,0,53,54.666666666666664,28.20967741935484,23.967741935483872,32.45161290322581,78.66935483870968,16.693548387096776,0.9193548387096774,62.0,2017-05-07,2017-05-13,126.0,1
2017-09-17,58,1,59,53.333333333333336,29.010204081632654,24.857142857142858,33.16326530612245,77.8061224489796,19.489795918367346,1.0,49.0,2017-05-14,2017-05-20,126.0,1
2017-09-24,39,0,39,51.333333333333336,28.84375,24.916666666666668,32.770833333333336,78.28125,17.708333333333332,0.9791666666666666,48.0,2017-05-21,2017-05-27,126.0,1
2017-10-01,51,1,52,51.25,28.735849056603772,24.547169811320753,32.924528301886795,78.72641509433963,18.066037735849058,0.8679245283018868,53.0,2017-05-28,2017-06-03,126.0,1
2017-10-08,55,0,55,51.583333333333336,29.988372093023255,25.790697674418606,34.18604651162791,74.4186046511628,15.581395348837209,1.0,43.0,2017-06-04,2017-06-10,126.0,1
2017-10-15,62,1,63,51.25,29.18421052631579,25.087719298245613,33.280701754385966,76.57894736842105,13.991228070175438,0.9824561403508771,57.0,2017-06-11,2017-06-17,126.0,1
2017-10-22,77,0,77,52.666666666666664,28.836363636363636,24.763636363636362,32.90909090909091,77.31818181818181,14.772727272727273,0.9454545454545454,55.0,2017-06-18,2017-06-24,126.0,1
2017-10-29,62,0,62,53.166666666666664,28.745454545454546,24.87272727272727,32.61818181818182,78.31818181818181,13.909090909090908,0.8363636363636363,55.0,2017-06-25,2017-07-01,126.0,1
2017-11-05,44,0,44,52.416666666666664,28.526315789473685,24.666666666666668,32.3859649122807,78.24561403508773,18.728070175438596,0.8070175438596491,57.0,2017-07-02,2017-07-08,126.0,1
2017-11-12,50,0,50,52.25,28.096774193548388,24.20967741935484,31.983870967741936,79.15322580645162,18.75,0.7580645161290323,62.0,2017-07-09,2017-07-15,126.0,1
2017-11-19,24,0,24,51.5,29.1046511627907,25.209302325581394,33.0,75.40697674418605,18.197674418604652,1.0,43.0,2017-07-16,2017-07-22,126.0,1
2017-11-26,37,1,38,51.333333333333336,29.104166666666668,25.375,32.833333333333336,75.83333333333333,19.583333333333332,0.9375,48.0,2017-07-23,2017-07-29,126.0,1
2017-12-03,33,1,34,49.75,29.178571428571427,25.452380952380953,32.904761904761905,77.14285714285714,20.476190476190474,1.0,42.0,2017-07-30,2017-08-05,126.0,1
2017-12-10,40,0,40,48.166666666666664,28.551724137931036,24.982758620689655,32.12068965517241,78.62068965517241,16.25,0.7413793103448276,58.0,2017-08-06,2017-08-12,126.0,1
2017-12-17,51,0,51,49.166666666666664,28.908333333333335,25.15,32.666666666666664,78.25,16.833333333333332,0.9,60.0,2017-08-13,2017-08-19,126.0,1
2017-12-24,66,0,66,50.333333333333336,29.14,25.36,32.92,77.3,19.45,0.98,50.0,2017-08-20,2017-08-26,126.0,1
2017-12-31,83,0,83,52.666666666666664,29.129032258064516,25.29032258064516,32.96774193548387,77.01612903225806,16.572580645161292,0.9516129032258065,62.0,2017-08-27,2017-09-02,126.0,1
2018-01-07,68,0,68,53.083333333333336,28.441176470588236,24.45098039215686,32.431372549019606,77.25490196078431,16.42156862745098,0.9019607843137255,51.0,2017-09-03,2017-09-09,126.0,1
2018-01-14,54,0,54,51.166666666666664,28.725,24.7,32.75,77.75,18.375,0.9,40.0,2017-09-10,2017-09-16,126.0,1
2018-01-21,45,0,45,49.75,28.401785714285715,24.285714285714285,32.517857142857146,77.54464285714286,19.196428571428573,0.8214285714285714,56.0,2017-09-17,2017-09-23,126.0,1
2018-01-28,48,0,48,50.083333333333336,28.745098039215687,24.647058823529413,32.84313725490196,76.76470588235294,12.794117647058824,0.9607843137254902,51.0,2017-09-24,2017-09-30,126.0,1
2018-02-04,50,0,50,50.083333333333336,28.646551724137932,24.379310344827587,32.91379310344828,78.10344827586206,14.310344827586206,0.9310344827586207,58.0,2017-10-01,2017-10-07,126.0,1
2018-02-11,28,0,28,50.416666666666664,28.279661016949152,24.16949152542373,32.389830508474574,78.30508474576271,17.11864406779661,0.847457627118644,59.0,2017-10-08,2017-10-14,126.0,1
2018-02-18,38,1,39,50.5,29.825581395348838,25.558139534883722,34.093023255813954,73.54651162790698,14.883720930232558,1.0,43.0,2017-10-15,2017-10-21,126.0,1
2018-02-25,51,0,51,51.916666666666664,28.861702127659573,24.638297872340427,33.08510638297872,76.59574468085107,16.648936170212767,1.0,47.0,2017-10-22,2017-10-28,126.0,1
2018-03-04,37,0,37,51.666666666666664,28.12280701754386,23.912280701754387,32.333333333333336,79.47368421052632,17.982456140350877,0.8771929824561403,57.0,2017-10-29,2017-11-04,126.0,1
2018-03-11,37,2,39,50.666666666666664,28.408333333333335,24.233333333333334,32.583333333333336,78.20833333333333,13.875,0.8833333333333333,60.0,2017-11-05,2017-11-11,126.0,1
2018-03-18,36,0,36,48.166666666666664,28.5,24.210526315789473,32.78947368421053,77.36842105263158,13.508771929824562,0.9824561403508771,57.0,2017-11-12,2017-11-18,126.0,1
2018-03-25,24,0,24,43.25,27.811475409836067,23.639344262295083,31.983606557377048,79.09836065573771,16.024590163934427,0.7049180327868853,61.0,2017-11-19,2017-11-25,126.0,1
2018-04-01,38,0,38,40.75,28.287037037037038,24.25925925925926,32.31481481481482,78.33333333333333,20.462962962962962,0.7962962962962963,54.0,2017-11-26,2017-12-02,126.0,1
2018-04-08,38,0,38,39.416666666666664,28.21698113207547,24.037735849056602,32.39622641509434,78.30188679245283,15.849056603773585,0.7547169811320755,53.0,2017-12-03,2017-12-09,126.0,1
2018-04-15,56,0,56,40.333333333333336,28.153846153846153,23.673076923076923,32.63461538461539,76.77884615384616,18.173076923076923,0.9423076923076923,52.0,2017-12-10,2017-12-16,126.0,1
2018-04-22,55,1,56,41.0,27.86111111111111,23.62962962962963,32.092592592592595,76.48148148148148,22.037037037037038,0.7777777777777778,54.0,2017-12-17,2017-12-23,126.0,1
2018-04-29,74,3,77,43.25,27.916666666666668,23.59090909090909,32.24242424242424,77.61363636363636,19.015151515151516,0.803030303030303,66.0,2017-12-24,2017-12-30,126.0,1
2018-05-06,62,0,62,46.083333333333336,27.22641509433962,23.50943396226415,30.943396226415093,80.14150943396227,14.764150943396226,0.5471698113207547,53.0,2017-12-31,2018-01-06,126.0,1
2018-05-13,63,1,64,48.166666666666664,26.3359375,22.859375,29.8125,82.1484375,19.1015625,0.5,64.0,2018-01-07,2018-01-13,126.0,1
2018-05-20,64,1,65,49.333333333333336,27.423728813559322,23.406779661016948,31.440677966101696,79.40677966101696,18.85593220338983,0.6779661016949152,59.0,2018-01-14,2018-01-20,126.0,1
2018-05-27,52,2,54,50.75,28.35576923076923,23.73076923076923,32.98076923076923,75.86538461538461,16.875,1.0,52.0,2018-01-21,2018-01-27,126.0,1
2018-06-03,75,0,75,53.75,27.935185185185187,23.77777777777778,32.092592592592595,77.82407407407408,20.60185185185185,0.6851851851851852,54.0,2018-01-28,2018-02-03,126.0,1
2018-06-10,55,0,55,55.333333333333336,27.63953488372093,22.906976744186046,32.372093023255815,72.20930232558139,20.11627906976744,0.8837209302325582,43.0,2018-02-04,2018-02-10,126.0,1
2018-06-17,59,2,61,58.416666666666664,28.607843137254903,23.647058823529413,33.568627450980394,73.03921568627452,16.323529411764707,1.0,51.0,2018-02-11,2018-02-17,126.0,1
2018-06-24,75,1,76,61.583333333333336,28.3,23.70909090909091,32.89090909090909,75.54545454545455,16.59090909090909,0.9272727272727272,55.0,2018-02-18,2018-02-24,126.0,1
2018-07-01,56,2,58,63.25,28.5,23.74074074074074,33.25925925925926,76.71296296296296,15.0,1.0,54.0,2018-02-25,2018-03-03,126.0,1
2018-07-08,44,0,44,62.25,28.305084745762713,23.71186440677966,32.898305084745765,76.10169491525424,16.694915254237287,0.7966101694915254,59.0,2018-03-04,2018-03-10,126.0,1
2018-07-15,41,0,41,61.0,28.686274509803923,23.862745098039216,33.509803921568626,75.04901960784314,14.019607843137255,0.9607843137254902,51.0,2018-03-11,2018-03-17,126.0,1
2018-07-22,56,0,56,59.25,29.362745098039216,24.19607843137255,34.529411764705884,73.23529411764706,13.57843137254902,1.0,51.0,2018-03-18,2018-03-24,126.0,1
2018-07-29,50,1,51,58.333333333333336,28.18103448275862,23.879310344827587,32.48275862068966,77.71551724137932,12.887931034482758,0.8275862068965517,58.0,2018-03-25,2018-03-31,126.0,1
2018-08-05,59,0,59,57.916666666666664,29.306122448979593,24.448979591836736,34.16326530612245,74.89795918367346,13.418367346938776,1.0,49.0,2018-04-01,2018-04-07,126.0,1
2018-08-12,42,1,43,56.083333333333336,29.12162162162162,24.35135135135135,33.891891891891895,75.8108108108108,14.662162162162161,1.0,37.0,2018-04-08,2018-04-14,126.0,1
2018-08-19,66,2,68,57.25,28.76086956521739,23.97826086956522,33.54347826086956,76.68478260869566,9.184782608695652,0.9130434782608695,46.0,2018-04-15,2018-04-21,126.0,1
2018-08-26,75,0,75,57.25,28.575,23.8,33.35,76.25,12.75,1.0,40.0,2018-04-22,2018-04-28,126.0,1
2018-09-02,75,1,76,59.0,29.308333333333334,24.916666666666668,33.7,76.58333333333333,9.583333333333334,0.9666666666666667,60.0,2018-04-29,2018-05-05,126.0,1
2018-09-09,49,0,49,58.0,29.73076923076923,25.346153846153847,34.11538461538461,75.86538461538461,11.73076923076923,1.0,52.0,2018-05-06,2018-05-12,126.0,1
2018-09-16,63,0,63,56.916666666666664,29.1,24.87272727272727,33.32727272727273,76.5909090909091,8.045454545454545,0.8909090909090909,55.0,2018-05-13,2018-05-19,126.0,1
2018-09-23,40,0,40,55.416666666666664,28.90983606557377,24.639344262295083,33.18032786885246,75.86065573770492,9.467213114754099,0.9016393442622951,61.0,2018-05-20,2018-05-26,126.0,1
2018-09-30,51,0,51,56.0,28.322580645161292,24.20967741935484,32.435483870967744,76.89516129032258,11.008064516129032,0.7741935483870968,62.0,2018-05-27,2018-06-02,126.0,1
2018-10-07,51,0,51,56.833333333333336,29.453703703703702,25.0,33.907407407407405,75.92592592592592,14.027777777777779,1.0,54.0,2018-06-03,2018-06-09,126.0,1
2018-10-14,60,2,62,57.333333333333336,29.116071428571427,24.875,33.357142857142854,75.0,17.276785714285715,0.9642857142857143,56.0,2018-06-10,2018-06-16,126.0,1
2018-10-21,78,0,78,59.583333333333336,28.350746268656717,24.388059701492537,32.3134328358209,76.7910447761194,13.656716417910447,0.746268656716418,67.0,2018-06-17,2018-06-23,126.0,1
2018-10-28,75,0,75,60.916666666666664,27.992537313432837,24.52238805970149,31.46268656716418,78.3955223880597,14.776119402985074,0.6119402985074627,67.0,2018-06-24,2018-06-30,126.0,1
2018-11-04,71,0,71,63.25,28.670454545454547,24.704545454545453,32.63636363636363,77.27272727272727,18.98409090909091,0.8409090909090909,44.0,2018-07-01,2018-07-07,126.0,1
2018-11-11,78,0,78,64.08333333333333,28.363636363636363,24.393939393939394,32.333333333333336,77.12121212121212,18.939393939393938,0.8636363636363636,66.0,2018-07-08,2018-07-14,126.0,1
2018-11-18,97,0,97,65.91666666666667,28.4811320754717,24.735849056603772,32.22641509433962,77.16981132075472,20.61320754716981,0.8867924528301887,53.0,2018-07-15,2018-07-21,126.0,1
2018-11-25,109,0,109,68.66666666666667,29.12264150943396,25.0,33.24528301886792,75.09433962264151,16.60377358490566,0.9811320754716981,53.0,2018-07-22,2018-07-28,126.0,1
2018-12-02,114,1,115,74.16666666666667,28.271428571428572,24.685714285714287,31.857142857142858,78.39285714285714,16.0,0.6714285714285714,70.0,2018-07-29,2018-08-04,126.0,1
2018-12-09,107,1,108,77.91666666666667,28.67241379310345,24.775862068965516,32.56896551724138,76.33620689655173,15.431034482758621,0.8620689655172413,58.0,2018-08-05,2018-08-11,126.0,1
2018-12-16,127,1,128,85.25,29.74576271186441,25.93220338983051,33.559322033898304,75.38135593220339,18.60169491525424,0.9830508474576272,59.0,2018-08-12,2018-08-18,126.0,1
2018-12-23,160,0,160,94.33333333333333,28.722972972972972,24.756756756756758,32.689189189189186,75.94594594594595,16.31756756756757,0.8918918918918919,74.0,2018-08-19,2018-08-25,126.0,1
2018-12-30,205,2,207,107.33333333333333,29.23846153846154,25.076923076923077,33.4,75.11538461538461,15.538461538461538,1.0,65.0,2018-08-26,2018-09-01,126.0,1
2019-01-06,245,0,245,122.58333333333333,27.86764705882353,24.529411764705884,31.205882352941178,78.56617647058823,14.227941176470589,0.6029411764705882,68.0,2018-09-02,2018-09-08,126.0,1
2019-01-13,207,8,215,134.0,28.583333333333332,24.791666666666668,32.375,76.59722222222223,18.645833333333332,0.8611111111111112,72.0,2018-09-09,2018-09-15,126.0,1
2019-01-20,221,1,222,146.25,28.64516129032258,24.516129032258064,32.774193548387096,76.5725806451613,17.016129032258064,0.967741935483871,62.0,2018-09-16,2018-09-22,126.0,1
2019-01-27,179,3,182,155.5,29.652542372881356,25.23728813559322,34.067796610169495,73.55932203389831,16.016949152542374,0.9830508474576272,59.0,2018-09-23,2018-09-29,126.0,1
2019-02-03,135,3,138,160.5,29.6,25.316666666666666,33.88333333333333,74.20833333333333,14.541666666666666,1.0,60.0,2018-09-30,2018-10-06,126.0,1
2019-02-10,232,3,235,172.0,27.967391304347824,24.282608695652176,31.652173913043477,77.8804347826087,13.994565217391305,0.7391304347826086,92.0,2018-10-07,2018-10-13,126.0,1
2019-02-17,181,1,182,178.08333333333334,28.39344262295082,24.639344262295083,32.14754098360656,77.58196721311475,15.98360655737705,0.8524590163934426,61.0,2018-10-14,2018-10-20,126.0,1
2019-02-24,156,1,157,181.58333333333334,28.988888888888887,24.91111111111111,33.06666666666667,76.0,10.38888888888889,0.9555555555555556,45.0,2018-10-21,2018-10-27,126.0,1
2019-03-03,133,1,134,183.75,28.055555555555557,24.063492063492063,32.04761904761905,78.37301587301587,14.841269841269842,0.7777777777777778,63.0,2018-10-28,2018-11-03,126.0,1
2019-03-10,109,0,109,182.16666666666666,28.309859154929576,24.0,32.61971830985915,77.6056338028169,13.80281690140845,0.8732394366197183,71.0,2018-11-04,2018-11-10,126.0,1
2019-03-17,96,1,97,176.91666666666666,28.169354838709676,24.080645161290324,32.25806451612903,78.70967741935483,16.169354838709676,0.9032258064516129,62.0,2018-11-11,2018-11-17,126.0,1
2019-03-24,99,1,100,168.0,28.270114942528735,24.04597701149425,32.49425287356322,78.5919540229885,16.00574712643678,0.8390804597701149,87.0,2018-11-18,2018-11-24,126.0,1
2019-03-31,108,0,108,156.58333333333334,28.25974025974026,24.207792207792206,32.311688311688314,78.63636363636364,15.844155844155845,0.8181818181818182,77.0,2018-11-25,2018-12-01,126.0,1
2019-04-07,125,0,125,149.08333333333334,28.774647887323944,24.0,33.54929577464789,77.0774647887324,14.71830985915493,1.0,71.0,2018-12-02,2018-12-08,126.0,1
2019-04-14,134,1,135,141.83333333333334,27.955357142857142,23.678571428571427,32.232142857142854,77.5,15.446428571428571,0.7678571428571429,56.0,2018-12-09,2018-12-15,126.0,1
2019-04-21,156,1,157,139.75,28.76851851851852,24.0,33.53703703703704,76.20370370370371,14.62962962962963,1.0,54.0,2018-12-16,2018-12-22,126.0,1
2019-04-28,192,2,194,144.41666666666666,28.42361111111111,24.0,32.84722222222222,76.59722222222223,18.78472222222222,1.0,72.0,2018-12-23,2018-12-29,126.0,1
2019-05-05,287,0,287,148.75,28.9,24.036363636363635,33.763636363636365,75.5,21.545454545454547,1.0,55.0,2018-12-30,2019-01-05,126.0,1
2019-05-12,307,2,309,159.33333333333334,28.661538461538463,24.0,33.323076923076925,76.5,17.307692307692307,0.9538461538461539,65.0,2019-01-06,2019-01-12,126.0,1
2019-05-19,376,2,378,177.75,27.87735849056604,23.754716981132077,32.0,78.34905660377359,20.330188679245282,0.6792452830188679,53.0,2019-01-13,2019-01-19,126.0,1
2019-05-26,400,1,401,200.0,28.392857142857142,24.0,32.785714285714285,76.42857142857143,24.151785714285715,0.9464285714285714,56.0,2019-01-20,2019-01-26,126.0,1
2019-06-02,396,4,400,224.25,28.36111111111111,24.0,32.72222222222222,76.73611111111111,20.27777777777778,0.9444444444444444,36.0,2019-01-27,2019-02-02,126.0,1
2019-06-09,464,3,467,255.08333333333334,28.924242424242426,24.12121212121212,33.72727272727273,73.4090909090909,14.924242424242424,1.0,33.0,2019-02-03,2019-02-09,126.0,1
2019-06-16,430,3,433,282.8333333333333,29.0,24.319148936170212,33.680851063829785,73.40425531914893,18.56382978723404,1.0,47.0,2019-02-10,2019-02-16,126.0,1
2019-06-23,492,5,497,315.25,28.847826086956523,24.0,33.69565217391305,75.05434782608695,13.152173913043478,1.0,46.0,2019-02-17,2019-02-23,126.0,1
2019-06-30,591,2,593,354.25,29.159574468085108,24.319148936170212,34.0,73.13829787234043,18.03191489361702,1.0,47.0,2019-02-24,2019-03-02,126.0,1
2019-07-07,661,2,663,398.25,29.427083333333332,24.4375,34.416666666666664,73.48958333333333,14.270833333333334,1.0,48.0,2019-03-03,2019-03-09,126.0,1
2019-07-14,644,2,646,439.0,29.25609756097561,24.0,34.51219512195122,72.98780487804878,15.24390243902439,1.0,41.0,2019-03-10,2019-03-16,126.0,1
2019-07-21,601,4,605,473.25,29.355263157894736,24.13157894736842,34.578947368421055,73.6842105263158,16.842105263157894,1.0,38.0,2019-03-17,2019-03-23,126.0,1
2019-07-28,597,2,599,499.25,28.63888888888889,24.0,33.27777777777778,76.38888888888889,12.407407407407407,0.7222222222222222,54.0,2019-03-24,2019-03-30,126.0,1
2019-08-04,521,2,523,517.0833333333334,28.75,24.318181818181817,33.18181818181818,76.09848484848484,11.174242424242424,0.9090909090909091,66.0,2019-03-31,2019-04-06,126.0,1
2019-08-11,522,2,524,529.25,29.1,24.181818181818183,34.018181818181816,74.27272727272727,10.909090909090908,1.0,55.0,2019-04-07,2019-04-13,126.0,1
2019-08-18,474,0,474,535.3333333333334,29.63888888888889,24.98148148148148,34.2962962962963,74.81481481481481,10.0,1.0,54.0,2019-04-14,2019-04-20,126.0,1
2019-08-25,412,2,414,536.5,28.9375,24.714285714285715,33.160714285714285,77.67857142857143,11.875,0.9285714285714286,56.0,2019-04-21,2019-04-27,126.0,1
2019-09-01,326,1,327,524.8333333333334,29.39189189189189,24.62162162162162,34.16216216216216,73.78378378378379,12.297297297297296,1.0,37.0,2019-04-28,2019-05-04,126.0,1
2019-09-08,314,3,317,515.1666666666666,28.807142857142857,24.5,33.114285714285714,76.07142857142857,17.928571428571427,0.8857142857142857,70.0,2019-05-05,2019-05-11,126.0,1
2019-09-15,299,2,301,498.8333333333333,29.08108108108108,24.743243243243242,33.41891891891892,76.01351351351352,14.121621621621621,1.0,74.0,2019-05-12,2019-05-18,126.0,1
2019-09-22,258,3,261,471.1666666666667,29.26530612244898,25.122448979591837,33.40816326530612,77.14285714285714,17.040816326530614,1.0,49.0,2019-05-19,2019-05-25,126.0,1
2019-09-29,243,3,246,436.4166666666667,29.346774193548388,25.0,33.693548387096776,75.16129032258064,13.75,1.0,62.0,2019-05-26,2019-06-01,126.0,1
2019-10-06,226,1,227,401.5,28.39344262295082,24.721311475409838,32.0655737704918,78.11475409836065,14.71311475409836,0.7868852459016393,61.0,2019-06-02,2019-06-08,126.0,1
2019-10-13,239,0,239,371.0,29.154411764705884,25.0,33.30882352941177,78.56617647058823,19.96323529411765,1.0,68.0,2019-06-09,2019-06-15,126.0,1
2019-10-20,241,1,242,341.25,28.816666666666666,25.0,32.63333333333333,77.83333333333333,18.291666666666668,0.7333333333333333,60.0,2019-06-16,2019-06-22,126.0,1
2019-10-27,306,2,308,323.3333333333333,29.30188679245283,25.0,33.60377358490566,78.06603773584905,20.660377358490567,1.0,53.0,2019-06-23,2019-06-29,126.0,1
2019-11-03,321,1,322,306.5,29.53968253968254,25.26984126984127,33.80952380952381,74.8015873015873,16.150793650793652,1.0,63.0,2019-06-30,2019-07-06,126.0,1
2019-11-10,372,1,373,298.0833333333333,29.17,25.0,33.34,76.85,18.55,0.94,50.0,2019-07-07,2019-07-13,126.0,1
2019-11-17,329,2,331,291.1666666666667,29.08888888888889,25.2,32.977777777777774,74.83333333333333,19.88888888888889,0.8444444444444444,45.0,2019-07-14,2019-07-20,126.0,1
2019-11-24,295,0,295,288.5,29.03846153846154,25.0,33.07692307692308,74.61538461538461,15.897435897435898,0.8974358974358975,39.0,2019-07-21,2019-07-27,126.0,1
2019-12-01,280,1,281,285.5,29.357142857142858,25.357142857142858,33.357142857142854,71.25,19.523809523809526,1.0,42.0,2019-07-28,2019-08-03,126.0,1
2019-12-08,257,0,257,281.8333333333333,29.25581395348837,25.627906976744185,32.883720930232556,74.82558139534883,21.74418604651163,0.9534883720930233,43.0,2019-08-04,2019-08-10,126.0,1
2019-12-15,226,0,226,278.9166666666667,29.944444444444443,25.962962962962962,33.925925925925924,74.86111111111111,18.14814814814815,1.0,54.0,2019-08-11,2019-08-17,126.0,1
2019-12-22,290,0,290,282.5833333333333,30.12162162162162,26.0,34.24324324324324,75.27027027027027,16.486486486486488,1.0,37.0,2019-08-18,2019-08-24,126.0,1
2019-12-29,302,1,303,288.9166666666667,29.381818181818183,25.636363636363637,33.127272727272725,76.81818181818181,17.818181818181817,0.9818181818181818,55.0,2019-08-25,2019-08-31,126.0,1
2020-01-05,342,1,343,297.5833333333333,29.630434782608695,25.695652173913043,33.56521739130435,74.29347826086956,20.76086956521739,0.9347826086956522,46.0,2019-09-01,2019-09-07,126.0,1
2020-01-12,402,2,404,311.0833333333333,29.782608695652176,25.869565217391305,33.69565217391305,72.28260869565217,16.902173913043477,1.0,46.0,2019-09-08,2019-09-14,126.0,1
2020-01-19,307,2,309,311.1666666666667,29.7875,26.0,33.575,71.9375,14.9375,1.0,40.0,2019-09-15,2019-09-21,126.0,1
2020-01-26,370,0,370,315.1666666666667,29.330357142857142,25.285714285714285,33.375,77.63392857142857,14.642857142857142,1.0,56.0,2019-09-22,2019-09-28,126.0,1
2020-02-02,400,0,400,317.4166666666667,28.647540983606557,24.114754098360656,33.18032786885246,78.11475409836065,13.934426229508198,0.9016393442622951,61.0,2019-09-29,2019-10-05,126.0,1
2020-02-09,378,2,380,321.5,28.60655737704918,23.885245901639344,33.32786885245902,77.58196721311475,11.844262295081966,0.9672131147540983,61.0,2019-10-06,2019-10-12,126.0,1
2020-02-16,380,1,381,328.6666666666667,29.12037037037037,24.0,34.24074074074074,75.41666666666667,10.87962962962963,1.0,54.0,2019-10-13,2019-10-19,126.0,1
2020-02-23,373,1,374,336.4166666666667,28.523809523809526,24.095238095238095,32.95238095238095,77.53968253968254,9.365079365079366,0.8571428571428571,63.0,2019-10-20,2019-10-26,126.0,1
2020-03-01,375,0,375,346.25,28.541666666666668,24.0,33.083333333333336,77.22222222222223,12.04861111111111,0.9861111111111112,72.0,2019-10-27,2019-11-02,126.0,1
2020-03-08,389,0,389,359.8333333333333,28.61842105263158,24.0,33.23684210526316,76.97368421052632,10.526315789473685,1.0,38.0,2019-11-03,2019-11-08,126.0,1
2020-03-15,367,1,368,366.3333333333333,28.44871794871795,23.846153846153847,33.05128205128205,77.62820512820512,12.628205128205128,0.8974358974358975,39.0,2019-11-10,2019-11-16,126.0,1
2020-03-22,377,0,377,372.5,28.377777777777776,23.822222222222223,32.93333333333333,77.72222222222223,14.777777777777779,0.8,45.0,2019-11-17,2019-11-23,126.0,1
2020-03-29,315,0,315,370.1666666666667,28.989583333333332,24.0,33.979166666666664,75.9375,10.729166666666666,1.0,48.0,2019-11-24,2019-11-30,126.0,1
2020-04-05,341,2,343,365.0833333333333,27.63953488372093,23.674418604651162,31.6046511627907,79.47674418604652,22.848837209302324,0.6046511627906976,43.0,2019-12-01,2019-12-07,126.0,1
2020-04-12,360,0,360,369.3333333333333,25.84259259259259,22.814814814814813,28.87037037037037,82.26851851851852,23.194444444444443,0.07407407407407407,54.0,2019-12-08,2019-12-14,126.0,1
2020-04-19,399,1,400,371.8333333333333,27.33050847457627,23.389830508474578,31.271186440677965,81.1864406779661,14.788135593220339,0.5932203389830508,59.0,2019-12-15,2019-12-21,126.0,1
2020-04-26,390,0,390,371.0,28.68888888888889,24.066666666666666,33.31111111111111,75.22222222222223,16.61111111111111,1.0,45.0,2019-12-22,2019-12-28,126.0,1
2020-05-03,502,5,507,381.5833333333333,28.53125,24.0,33.0625,77.5,17.5,1.0,16.0,2019-12-29,2019-12-31,126.0,1
2020-05-10,524,2,526,393.6666666666667,28.183333333333334,23.883333333333333,32.483333333333334,77.29166666666667,18.833333333333332,1.0,60.0,2020-01-05,2020-01-11,126.0,1
2020-05-17,618,1,619,414.0833333333333,28.84259259259259,24.27777777777778,33.407407407407405,76.43518518518519,18.37962962962963,1.0,54.0,2020-01-12,2020-01-18,126.0,1
2020-05-24,731,1,732,443.8333333333333,28.893939393939394,24.0,33.78787878787879,75.45454545454545,17.5,1.0,33.0,2020-01-19,2020-01-25,126.0,1
2020-05-31,868,0,868,483.75,28.673076923076923,24.0,33.34615384615385,75.91346153846153,17.403846153846153,1.0,52.0,2020-01-26,2020-02-01,126.0,1
2020-06-07,1151,2,1153,549.1666666666666,28.817073170731707,23.951219512195124,33.68292682926829,73.59756097560975,19.75609756097561,1.0,41.0,2020-02-02,2020-02-08,126.0,1
2020-06-14,1369,2,1371,632.0,28.44,23.9,32.98,76.7,16.55,0.94,50.0,2020-02-09,2020-02-15,126.0,1
2020-06-21,1460,0,1460,727.4166666666666,28.724489795918366,24.714285714285715,32.734693877551024,73.6734693877551,22.70408163265306,0.8163265306122449,49.0,2020-02-16,2020-02-22,126.0,1
2020-06-28,1444,4,1448,819.5,28.93421052631579,24.342105263157894,33.526315789473685,75.78947368421052,22.236842105263158,1.0,38.0,2020-02-23,2020-02-29,126.0,1
2020-07-05,1665,2,1667,928.4166666666666,28.97826086956522,24.217391304347824,33.73913043478261,75.0,15.217391304347826,1.0,46.0,2020-03-01,2020-03-07,126.0,1
2020-07-12,1725,4,1729,1039.1666666666667,29.5,24.586206896551722,34.41379310344828,73.53448275862068,14.35344827586207,1.0,58.0,2020-03-08,2020-03-14,126.0,1
2020-07-19,1791,1,1792,1156.0,29.112244897959183,24.26530612244898,33.95918367346939,75.61224489795919,13.418367346938776,1.0,49.0,2020-03-15,2020-03-21,126.0,1
2020-07-26,1376,2,1378,1228.5833333333333,29.19090909090909,24.345454545454544,34.03636363636364,74.86363636363636,10.5,0.9818181818181818,55.0,2020-03-22,2020-03-28,126.0,1
2020-08-02,1667,0,1667,1323.6666666666667,29.348214285714285,24.375,34.32142857142857,75.35714285714286,11.071428571428571,0.9464285714285714,56.0,2020-03-29,2020-04-04,126.0,1
2020-08-09,1336,3,1339,1383.6666666666667,28.859649122807017,24.035087719298247,33.68421052631579,76.53508771929825,10.789473684210526,0.9298245614035088,57.0,2020-04-05,2020-04-11,126.0,1
2020-08-16,1285,2,1287,1429.9166666666667,29.287037037037038,24.185185185185187,34.388888888888886,74.58333333333333,9.814814814814815,1.0,54.0,2020-04-12,2020-04-18,126.0,1
2020-08-23,1153,1,1154,1453.75,29.19672131147541,24.40983606557377,33.98360655737705,76.88524590163935,9.918032786885245,1.0,61.0,2020-04-19,2020-04-25,126.0,1
2020-08-30,937,1,938,1435.8333333333333,28.5126582278481,24.189873417721518,32.835443037974684,79.90506329113924,11.39240506329114,0.9620253164556962,79.0,2020-04-26,2020-05-02,126.0,1
2020-09-06,725,0,725,1382.0,28.865853658536587,24.097560975609756,33.63414634146341,75.88414634146342,11.646341463414634,1.0,82.0,2020-05-03,2020-05-09,126.0,1
2020-09-13,671,0,671,1316.25,29.4375,25.430555555555557,33.44444444444444,77.1875,13.194444444444445,0.9305555555555556,72.0,2020-05-10,2020-05-16,126.0,1
2020-09-20,590,1,591,1244.8333333333333,29.19871794871795,24.91025641025641,33.48717948717949,76.21794871794872,11.570512820512821,0.9230769230769231,78.0,2020-05-17,2020-05-23,126.0,1
2020-09-27,605,0,605,1156.3333333333333,29.513698630136986,24.986301369863014,34.04109589041096,74.24657534246575,14.04109589041096,1.0,73.0,2020-05-24,2020-05-30,126.0,1
2020-10-04,528,1,529,1056.3333333333333,28.873493975903614,24.6144578313253,33.13253012048193,76.44578313253012,13.072289156626505,0.8072289156626506,83.0,2020-05-31,2020-06-06,126.0,1
2020-10-11,591,1,592,956.3333333333334,29.086666666666666,24.773333333333333,33.4,75.53333333333333,15.733333333333333,0.9066666666666666,75.0,2020-06-07,2020-06-13,126.0,1
2020-10-18,563,2,565,888.5833333333334,28.419540229885058,24.620689655172413,32.2183908045977,77.78735632183908,15.344827586206897,0.7586206896551724,87.0,2020-06-14,2020-06-20,126.0,1
2020-10-25,440,0,440,786.3333333333334,27.643939393939394,24.151515151515152,31.136363636363637,82.08333333333333,18.37121212121212,0.3181818181818182,66.0,2020-06-21,2020-06-27,126.0,1
2020-11-01,408,0,408,708.75,29.25735294117647,25.073529411764707,33.44117647058823,76.02941176470588,19.816176470588236,1.0,68.0,2020-06-28,2020-07-04,126.0,1
2020-11-08,354,1,355,631.0833333333334,28.17948717948718,24.474358974358974,31.884615384615383,80.44871794871794,15.416666666666666,0.6410256410256411,78.0,2020-07-05,2020-07-11,126.0,1
2020-11-15,258,0,258,556.4166666666666,28.323076923076922,24.06153846153846,32.58461538461538,77.84615384615384,16.0,0.7846153846153846,65.0,2020-07-12,2020-07-18,126.0,1
2020-11-22,279,0,279,501.5,28.271186440677965,23.728813559322035,32.813559322033896,77.62711864406779,13.474576271186441,0.9152542372881356,59.0,2020-07-19,2020-07-25,126.0,1
2020-11-29,228,0,228,460.0833333333333,27.572727272727274,23.527272727272727,31.618181818181817,81.0,17.136363636363637,0.5636363636363636,55.0,2020-07-26,2020-08-01,126.0,1
2020-12-06,227,0,227,423.0833333333333,28.817073170731707,24.24390243902439,33.390243902439025,73.04878048780488,15.24390243902439,0.975609756097561,41.0,2020-08-02,2020-08-08,126.0,1
2020-12-13,236,0,236,393.5,28.866071428571427,24.785714285714285,32.94642857142857,75.08928571428571,16.205357142857142,0.875,56.0,2020-08-09,2020-08-15,126.0,1
2020-12-20,196,0,196,359.4166666666667,28.734848484848484,24.606060606060606,32.86363636363637,77.04545454545455,15.909090909090908,0.8636363636363636,66.0,2020-08-16,2020-08-22,126.0,1
2020-12-27,387,1,388,347.6666666666667,28.271186440677965,24.11864406779661,32.42372881355932,79.70338983050847,16.1864406779661,0.8135593220338984,59.0,2020-08-23,2020-08-29,126.0,1
2021-01-03,165,1,166,312.1666666666667,28.651315789473685,24.710526315789473,32.5921052631579,76.64473684210526,14.177631578947368,0.8947368421052632,76.0,2020-08-30,2020-09-05,126.0,1
2021-01-10,151,1,152,277.75,28.15277777777778,23.930555555555557,32.375,76.31944444444444,18.194444444444443,0.8888888888888888,72.0,2020-09-06,2020-09-12,126.0,1
2021-01-17,135,0,135,252.33333333333334,27.786666666666665,23.426666666666666,32.14666666666667,80.53333333333333,18.533333333333335,0.8133333333333334,75.0,2020-09-13,2020-09-19,126.0,1
2021-01-24,141,0,141,230.08333333333334,28.16025641025641,23.858974358974358,32.46153846153846,77.75641025641026,14.775641025641026,0.6794871794871795,78.0,2020-09-20,2020-09-26,126.0,1
2021-01-31,142,1,143,212.41666666666666,27.847058823529412,23.729411764705883,31.96470588235294,78.44117647058823,14.764705882352942,0.7176470588235294,85.0,2020-09-27,2020-10-03,126.0,1
2021-02-07,148,0,148,203.25,28.22972972972973,23.824324324324323,32.63513513513514,77.33108108108108,17.83783783783784,0.9054054054054054,74.0,2020-10-04,2020-10-10,126.0,1
2021-02-14,145,1,146,192.16666666666666,28.319444444444443,23.97222222222222,32.666666666666664,77.70833333333333,18.645833333333332,0.9583333333333334,72.0,2020-10-11,2020-10-17,126.0,1
2021-02-21,139,1,140,184.83333333333334,28.338709677419356,23.85483870967742,32.82258064516129,77.05645161290323,11.451612903225806,0.9354838709677419,62.0,2020-10-18,2020-10-24,126.0,1
2021-02-28,145,0,145,178.0,28.45762711864407,23.76271186440678,33.152542372881356,78.26271186440678,12.88135593220339,0.9661016949152542,59.0,2020-10-25,2020-10-31,126.0,1
2021-03-07,129,0,129,169.08333333333334,28.163636363636364,23.69090909090909,32.63636363636363,78.4090909090909,11.363636363636363,0.8545454545454545,55.0,2020-11-01,2020-11-07,126.0,1
2021-03-14,120,0,120,162.75,28.49122807017544,24.05263157894737,32.92982456140351,76.84210526315789,13.37719298245614,0.9649122807017544,57.0,2020-11-08,2020-11-14,126.0,1
2021-03-21,113,0,113,139.83333333333334,28.436363636363637,23.8,33.07272727272727,76.18181818181819,11.409090909090908,1.0,55.0,2020-11-15,2020-11-21,126.0,1
2021-03-28,102,0,102,134.5,27.708333333333332,23.7,31.716666666666665,80.16666666666667,12.166666666666666,0.6166666666666667,60.0,2020-11-22,2020-11-28,126.0,1
2021-04-04,112,0,112,131.16666666666666,28.738095238095237,24.523809523809526,32.95238095238095,76.9047619047619,15.952380952380953,0.9761904761904762,42.0,2020-11-29,2020-12-03,126.0,1
2021-04-11,128,1,129,130.66666666666666,28.75,23.964285714285715,33.535714285714285,74.46428571428571,15.267857142857142,1.0,56.0,2020-12-06,2020-12-12,126.0,1
2021-04-18,84,0,84,125.91666666666667,28.486486486486488,23.783783783783782,33.189189189189186,74.79729729729729,13.91891891891892,0.972972972972973,37.0,2020-12-13,2020-12-19,126.0,1
2021-04-25,117,0,117,123.75,28.344827586206897,23.724137931034484,32.96551724137931,73.1896551724138,14.224137931034482,0.9655172413793104,29.0,2020-12-20,2020-12-25,126.0,1
2021-05-02,92,0,92,119.08333333333333,28.444444444444443,23.85185185185185,33.03703703703704,74.16666666666667,19.35185185185185,0.8518518518518519,27.0,2020-12-27,2021-01-01,126.0,1
2021-05-09,116,3,119,116.83333333333333,26.914634146341463,23.341463414634145,30.48780487804878,78.29268292682927,18.963414634146343,0.3170731707317073,41.0,2021-01-05,2021-01-09,126.0,1
2021-05-16,130,0,130,116.0,26.445652173913043,22.91304347826087,29.97826086956522,82.55434782608695,24.293478260869566,0.2608695652173913,46.0,2021-01-10,2021-01-16,126.0,1
2021-05-23,118,0,118,113.75,28.182692307692307,23.53846153846154,32.82692307692308,73.17307692307692,18.75,0.9038461538461539,52.0,2021-01-17,2021-01-23,126.0,1
2021-05-30,137,0,137,114.41666666666667,28.169811320754718,23.849056603773583,32.490566037735846,74.90566037735849,16.650943396226417,0.8867924528301887,53.0,2021-01-24,2021-01-30,126.0,1
2021-06-06,135,0,135,115.66666666666667,28.271428571428572,24.0,32.542857142857144,69.78571428571429,21.571428571428573,1.0,35.0,2021-01-31,2021-02-06,126.0,1
2021-06-13,126,1,127,116.83333333333333,28.885245901639344,24.016393442622952,33.75409836065574,73.19672131147541,16.639344262295083,0.9836065573770492,61.0,2021-02-07,2021-02-13,126.0,1
2021-06-20,112,0,112,117.66666666666667,28.323529411764707,24.0,32.64705882352941,67.5,20.147058823529413,1.0,34.0,2021-02-14,2021-02-20,126.0,1
2021-06-27,104,0,104,117.0,28.642857142857142,24.0,33.285714285714285,66.25,16.964285714285715,1.0,14.0,2021-02-21,2021-02-23,126.0,1
2021-07-04,75,0,75,112.5,28.96969696969697,24.0,33.93939393939394,71.5909090909091,15.909090909090908,1.0,33.0,2021-03-02,2021-03-06,126.0,1
2021-07-11,80,0,80,112.16666666666667,28.669811320754718,24.0,33.339622641509436,74.5754716981132,15.99056603773585,1.0,53.0,2021-03-07,2021-03-13,126.0,1
2021-07-18,82,0,82,109.25,28.76530612244898,24.0,33.53061224489796,79.23469387755102,10.306122448979592,1.0,49.0,2021-03-14,2021-03-20,126.0,1
2021-07-25,70,0,70,107.41666666666667,28.127118644067796,23.610169491525422,32.644067796610166,79.0677966101695,13.05084745762712,0.9152542372881356,59.0,2021-03-21,2021-03-27,126.0,1
2021-08-01,81,0,81,104.25,28.70754716981132,23.90566037735849,33.509433962264154,75.4245283018868,15.0,0.9811320754716981,53.0,2021-03-28,2021-04-03,126.0,1
2021-08-08,56,0,56,98.08333333333333,28.794520547945204,24.0,33.58904109589041,78.21917808219177,13.835616438356164,0.9863013698630136,73.0,2021-04-04,2021-04-10,126.0,1
2021-08-15,53,0,53,92.66666666666667,28.416666666666668,23.88095238095238,32.95238095238095,77.55952380952381,7.5,0.9047619047619048,42.0,2021-04-12,2021-04-17,126.0,1
2021-08-22,46,0,46,85.08333333333333,28.229508196721312,23.40983606557377,33.049180327868854,77.6639344262295,12.827868852459016,0.9180327868852459,61.0,2021-04-18,2021-04-24,126.0,1
2021-08-29,60,1,61,78.91666666666667,28.99074074074074,23.98148148148148,34.0,77.12962962962963,11.203703703703704,1.0,54.0,2021-04-25,2021-05-01,126.0,1
2021-09-05,74,0,74,74.5,28.89423076923077,24.134615384615383,33.65384615384615,73.50961538461539,10.192307692307692,1.0,52.0,2021-05-02,2021-05-08,126.0,1
2021-09-12,109,1,110,74.33333333333333,28.53968253968254,23.904761904761905,33.17460317460318,75.0,11.904761904761905,0.9206349206349206,63.0,2021-05-09,2021-05-15,126.0,1
2021-09-19,105,0,105,74.41666666666667,28.375,23.859375,32.890625,73.8671875,11.796875,0.9375,64.0,2021-05-16,2021-05-22,126.0,1
2021-09-26,104,0,104,76.83333333333333,29.33,24.98,33.68,74.2,10.0,1.0,50.0,2021-05-23,2021-05-29,126.0,1
2021-10-03,85,0,85,77.25,29.283333333333335,24.85,33.71666666666667,76.54166666666667,12.666666666666666,1.0,60.0,2021-05-30,2021-06-05,126.0,1
2021-10-10,76,0,76,76.75,29.28448275862069,24.96551724137931,33.60344827586207,77.58620689655173,12.155172413793103,1.0,58.0,2021-06-06,2021-06-12,126.0,1
2021-10-17,75,0,75,77.16666666666667,29.166666666666668,24.912280701754387,33.421052631578945,76.09649122807018,11.798245614035087,0.9298245614035088,57.0,2021-06-13,2021-06-19,126.0,1
2021-10-24,59,0,59,75.33333333333333,28.692307692307693,23.83076923076923,33.55384615384615,74.26923076923077,14.192307692307692,1.0,65.0,2021-06-20,2021-06-26,126.0,1
2021-10-31,42,0,42,74.16666666666667,28.928571428571427,24.535714285714285,33.32142857142857,73.45238095238095,14.31547619047619,0.9285714285714286,84.0,2021-06-27,2021-07-03,126.0,1
2021-11-07,56,0,56,74.41666666666667,28.231884057971016,24.115942028985508,32.34782608695652,75.8695652173913,16.159420289855074,0.8405797101449275,69.0,2021-07-04,2021-07-10,126.0,1
2021-11-14,63,0,63,75.83333333333333,28.9453125,24.921875,32.96875,74.375,16.953125,0.921875,64.0,2021-07-11,2021-07-17,126.0,1
2021-11-21,48,0,48,74.75,29.833333333333332,25.75,33.916666666666664,67.8125,19.270833333333332,1.0,48.0,2021-07-18,2021-07-24,126.0,1
2021-11-28,64,1,65,74.0,29.45,25.325,33.575,72.5,20.125,1.0,40.0,2021-07-25,2021-07-31,126.0,1
2021-12-05,61,0,61,69.91666666666667,28.580645161290324,24.14516129032258,33.016129032258064,75.48387096774194,16.491935483870968,0.9032258064516129,62.0,2021-08-01,2021-08-07,126.0,1
2021-12-12,68,0,68,66.83333333333333,29.102409638554217,24.686746987951807,33.51807228915663,75.33132530120481,16.716867469879517,1.0,83.0,2021-08-08,2021-08-14,126.0,1
2021-12-19,79,0,79,64.75,27.544117647058822,23.676470588235293,31.41176470588235,78.8970588235294,16.691176470588236,0.6470588235294118,68.0,2021-08-15,2021-08-21,126.0,1
2021-12-26,106,0,106,66.5,28.1,23.7,32.5,78.25,15.208333333333334,0.9166666666666666,60.0,2021-08-22,2021-08-28,126.0,1
2022-01-02,146,0,146,72.33333333333333,28.0,23.702380952380953,32.29761904761905,78.00595238095238,14.494047619047619,0.6904761904761905,84.0,2021-08-29,2021-09-04,126.0,1
2022-01-09,178,2,180,81.08333333333333,28.474137931034484,24.06896551724138,32.87931034482759,75.99137931034483,16.25,1.0,58.0,2021-09-05,2021-09-11,126.0,1
2022-01-16,169,2,171,90.41666666666667,28.798387096774192,24.451612903225808,33.145161290322584,78.62903225806451,12.096774193548388,0.9193548387096774,62.0,2021-09-12,2021-09-18,126.0,1
2022-01-23,153,1,154,99.75,28.661538461538463,23.984615384615385,33.33846153846154,76.46153846153847,16.076923076923077,0.9384615384615385,65.0,2021-09-19,2021-09-25,126.0,1
2022-01-30,168,1,169,109.16666666666667,28.285714285714285,23.714285714285715,32.857142857142854,77.26190476190476,12.023809523809524,0.8095238095238095,42.0,2021-09-26,2021-09-30,126.0,1
2022-02-06,206,0,206,121.08333333333333,28.75,23.8125,33.6875,75.625,18.59375,0.96875,32.0,2021-10-05,2021-10-09,126.0,1
2022-02-13,200,1,201,133.83333333333334,29.18243243243243,24.594594594594593,33.770270270270274,74.89864864864865,16.31756756756757,1.0,74.0,2021-10-10,2021-10-16,126.0,1
2022-02-20,263,0,263,150.33333333333334,28.598214285714285,23.964285714285715,33.232142857142854,75.66964285714286,9.776785714285714,1.0,56.0,2021-10-17,2021-10-23,126.0,1
2022-02-27,369,0,369,176.0,28.453488372093023,23.906976744186046,33.0,78.19767441860465,13.604651162790697,0.9069767441860465,43.0,2021-10-24,2021-10-30,126.0,1
2022-03-06,421,0,421,205.41666666666666,28.471014492753625,23.869565217391305,33.072463768115945,79.05797101449275,11.123188405797102,1.0,69.0,2021-10-31,2021-11-06,126.0,1
2022-03-13,441,0,441,235.58333333333334,28.20769230769231,23.846153846153847,32.56923076923077,79.46153846153847,15.461538461538462,0.8769230769230769,65.0,2021-11-07,2021-11-13,126.0,1
2022-03-20,510,0,510,269.25,28.734375,24.15625,33.3125,75.5078125,10.15625,0.984375,64.0,2021-11-14,2021-11-20,126.0,1
2022-03-27,642,1,643,310.6666666666667,28.46212121212121,23.772727272727273,33.15151515151515,78.14393939393939,14.015151515151516,0.9393939393939394,66.0,2021-11-21,2021-11-27,126.0,1
2022-04-03,733,1,734,356.8333333333333,28.245283018867923,23.79245283018868,32.698113207547166,76.0377358490566,19.858490566037737,0.7735849056603774,53.0,2021-11-28,2021-12-04,126.0,1
2022-04-10,942,0,942,421.0833333333333,28.32608695652174,23.934782608695652,32.71739130434783,77.71739130434783,21.57608695652174,1.0,46.0,2021-12-05,2021-12-11,126.0,1
2022-04-17,1002,1,1003,491.8333333333333,28.057377049180328,23.737704918032787,32.377049180327866,80.69672131147541,18.770491803278688,0.9016393442622951,61.0,2021-12-12,2021-12-18,126.0,1
2022-04-24,845,1,846,548.25,28.525,23.866666666666667,33.18333333333333,79.33333333333333,14.333333333333334,0.9666666666666667,60.0,2021-12-19,2021-12-25,126.0,1
2022-05-01,1311,4,1315,640.6666666666666,27.953703703703702,23.59259259259259,32.31481481481482,79.95370370370371,17.59259259259259,0.6666666666666666,54.0,2021-12-26,2022-01-01,126.0,1
2022-05-08,1273,3,1276,730.25,27.993055555555557,23.72222222222222,32.263888888888886,80.0,18.194444444444443,0.7083333333333334,72.0,2022-01-02,2022-01-08,126.0,1
2022-05-15,1563,4,1567,838.9166666666666,28.557142857142857,24.0,33.114285714285714,70.42857142857143,22.142857142857142,1.0,35.0,2022-01-09,2022-01-15,126.0,1
2022-05-22,1451,3,1454,929.3333333333334,28.5,23.952380952380953,33.04761904761905,73.57142857142857,20.357142857142858,1.0,21.0,2022-01-16,2022-01-18,126.0,1
2022-05-29,1459,1,1460,1015.9166666666666,29.0,24.0,34.0,69.83333333333333,12.666666666666666,1.0,15.0,2022-01-28,2022-01-29,126.0,1
2022-06-05,1253,1,1254,1083.6666666666667,28.971698113207548,24.0,33.943396226415096,74.10377358490567,16.745283018867923,1.0,53.0,2022-01-30,2022-02-05,126.0,1
2022-06-12,1171,1,1172,1138.8333333333333,27.66417910447761,23.597014925373134,31.73134328358209,81.00746268656717,17.238805970149254,0.4925373134328358,67.0,2022-02-06,2022-02-12,126.0,1
2022-06-19,1186,1,1187,1184.1666666666667,28.774193548387096,24.35483870967742,33.193548387096776,80.68548387096774,10.685483870967742,0.9354838709677419,62.0,2022-02-13,2022-02-19,126.0,1
2022-06-26,1164,0,1164,1220.0,28.40909090909091,23.836363636363636,32.981818181818184,76.45454545454545,16.0,0.8181818181818182,55.0,2022-02-20,2022-02-26,126.0,1
2022-07-03,918,0,918,1218.0,28.74264705882353,23.91176470588235,33.5735294117647,77.57352941176471,17.426470588235293,1.0,68.0,2022-02-27,2022-03-05,126.0,1
2022-07-10,1035,1,1036,1220.75,28.566666666666666,23.9,33.233333333333334,76.5,17.041666666666668,1.0,60.0,2022-03-06,2022-03-12,126.0,1
2022-07-17,1092,0,1092,1241.25,28.88135593220339,23.949152542372882,33.813559322033896,79.19491525423729,12.033898305084746,1.0,59.0,2022-03-13,2022-03-19,126.0,1
2022-07-24,894,2,896,1206.3333333333333,28.806451612903224,23.822580645161292,33.79032258064516,75.68548387096774,9.71774193548387,0.9838709677419355,62.0,2022-03-20,2022-03-26,126.0,1
2022-07-31,879,0,879,1173.25,29.191666666666666,23.983333333333334,34.4,76.375,14.208333333333334,0.9833333333333333,60.0,2022-03-27,2022-04-02,126.0,1
2022-08-07,679,0,679,1099.25,28.5,23.763636363636362,33.236363636363635,78.36363636363636,11.136363636363637,0.9090909090909091,55.0,2022-04-03,2022-04-09,126.0,1
2022-08-14,661,1,662,1033.25,28.554545454545455,23.763636363636362,33.345454545454544,79.0,13.318181818181818,1.0,55.0,2022-04-10,2022-04-16,126.0,1
2022-08-21,577,4,581,960.0,28.99137931034483,24.29310344827586,33.689655172413794,77.75862068965517,9.39655172413793,0.9482758620689655,58.0,2022-04-17,2022-04-23,126.0,1
2022-08-28,569,1,570,903.0,28.56896551724138,23.603448275862068,33.53448275862069,75.51724137931035,9.310344827586206,1.0,58.0,2022-04-24,2022-04-30,126.0,1
2022-09-04,544,0,544,850.6666666666666,28.282258064516128,23.64516129032258,32.91935483870968,77.1774193548387,13.951612903225806,0.9516129032258065,62.0,2022-05-01,2022-05-07,126.0,1
2022-09-11,472,0,472,791.0833333333334,29.246268656716417,24.582089552238806,33.91044776119403,75.03731343283582,12.014925373134329,0.9552238805970149,67.0,2022-05-08,2022-05-14,126.0,1
2022-09-18,426,0,426,729.5833333333334,29.448979591836736,24.632653061224488,34.265306122448976,74.08163265306122,14.03061224489796,1.0,49.0,2022-05-15,2022-05-21,126.0,1
2022-09-25,397,0,397,686.1666666666666,29.85,25.28,34.42,71.3,11.5,1.0,50.0,2022-05-22,2022-05-28,126.0,1
2022-10-02,376,0,376,631.1666666666666,29.648936170212767,25.06382978723404,34.234042553191486,72.07446808510639,11.48936170212766,1.0,47.0,2022-05-29,2022-06-04,126.0,1
2022-10-09,373,0,373,571.25,28.702898550724637,23.985507246376812,33.42028985507246,76.92028985507247,10.869565217391305,0.9855072463768116,69.0,2022-06-05,2022-06-11,126.0,1
2022-10-16,313,1,314,522.75,28.373015873015873,23.650793650793652,33.095238095238095,77.5,11.30952380952381,1.0,63.0,2022-06-12,2022-06-18,126.0,1
2022-10-23,317,1,318,476.0,28.021428571428572,23.428571428571427,32.614285714285714,78.46428571428571,13.464285714285714,0.8714285714285714,70.0,2022-06-19,2022-06-25,126.0,1
2022-10-30,294,0,294,443.9166666666667,29.28846153846154,24.71153846153846,33.86538461538461,75.8173076923077,16.25,0.9615384615384616,52.0,2022-06-26,2022-07-02,126.0,1
2022-11-06,312,3,315,415.0,29.163793103448278,24.67241379310345,33.6551724137931,74.82758620689656,14.655172413793103,1.0,58.0,2022-07-03,2022-07-09,126.0,1
2022-11-13,265,0,265,388.6666666666667,28.915254237288135,24.016949152542374,33.813559322033896,76.61016949152543,16.779661016949152,1.0,59.0,2022-07-10,2022-07-16,126.0,1
2022-11-20,242,0,242,361.3333333333333,29.09090909090909,24.53030303030303,33.65151515151515,75.45454545454545,13.787878787878787,0.8939393939393939,66.0,2022-07-17,2022-07-23,126.0,1
2022-11-27,326,1,327,343.25,28.58823529411765,23.88235294117647,33.294117647058826,79.5220588235294,15.404411764705882,0.9558823529411765,68.0,2022-07-24,2022-07-30,126.0,1
2022-12-04,289,1,290,328.0833333333333,28.644927536231883,24.463768115942027,32.82608695652174,77.68115942028986,15.0,0.9130434782608695,69.0,2022-07-31,2022-08-06,126.0,1
2022-12-11,270,0,270,315.0833333333333,29.385416666666668,25.125,33.645833333333336,76.35416666666667,15.885416666666666,0.9375,48.0,2022-08-07,2022-08-13,126.0,1
2022-12-18,285,0,285,305.75,28.685714285714287,23.97142857142857,33.4,78.0,13.892857142857142,1.0,70.0,2022-08-14,2022-08-20,126.0,1
